Zone,Area
El Carmen,El Carmen
El Carmen,La Aldea 1
El Carmen,Ocotillo
El Carmen,Calpules
El Carmen,Las Lomas
El Carmen,San Juan
La Ceiba,Acacias
La Ceiba,Jutiapa
La Ceiba,Pizzaty 1
La Ceiba,Pizzaty 2
La Ceiba,El Imán
La Ceiba,Independencia
La Ceiba,Lempira 1
La Ceiba,Lempira 2
La Ceiba,Flowers Bay
La Ceiba,Los Fuertes
La Ceiba,Roatán
La Ceiba,Sandy Bay
La Ceiba,Utila
La Paz,Flores de Oriente
La Paz,La Paz
La Paz,Pineda
La Paz,El Porvenir
La Paz,La Sabana
La Paz,San Manuel 2
Miramar,Buenos Aires
Miramar,Confite 1
Miramar,Confite 2
Miramar,La Masica
Miramar,Mezapita
Miramar,San Juan Pueblo
Miramar,Miramar
Miramar,Montecristo 1
Miramar,Montecristo 2
Olanchito,Bellavista
Olanchito,Coyoles 1
Olanchito,Coyoles 2
Olanchito,Olanchito
Olanchito,Sabá 1
Olanchito,Sabá 2
Olanchito,Isletas Central
Olanchito,Sonaguera 1
Olanchito,Sonaguera 2
Olanchito,Tocoa 1
Olanchito,Tocoa 2
Olanchito,Trujillo 1
Olanchito,Trujillo 2
Palermo,Palermo
Palermo,Sarrosa 1
Palermo,Sarrosa 2
Palermo,Bendeck
Palermo,Palmeras
Palermo,William Hall
Planeta,Jerusalén 1
Planeta,La Mesa
Planeta,La Lima 1
Planeta,La Lima 2
Planeta,Planeta 1
Planeta,Planeta 2
Progreso,Berlín 1
Progreso,Berlín 2
Progreso,Mezapa
Progreso,Corocol
Progreso,El Centro
Progreso,Jazmines
Progreso,Progreso
Progreso,Tela
Progreso,Telamar
Santa Rita,El Negrito
Santa Rita,Morazán 1
Santa Rita,Aguablanca
Santa Rita,Santa Rita
Santa Rita,Yoro 1
Santa Rita,Yoro 2
Satélite,Central
Satélite,Los Ángeles
Satélite,Seis de Mayo 1
Satélite,Luisiana 1
Satélite,Planes
Satélite,Satelite 1
Satélite,Satelite 2
